-- phpMyAdmin SQL Dump
-- version 4.9.2
-- https://www.phpmyadmin.net/
--
-- Hôte : 127.0.0.1:3306
-- Généré le :  Dim 12 avr. 2020 à 10:17
-- Version du serveur :  10.4.10-MariaDB
-- Version de PHP :  7.3.12

SET SQL_MODE = "NO_AUTO_VALUE_ON_ZERO";
SET AUTOCOMMIT = 0;
START TRANSACTION;
SET time_zone = "+00:00";


/*!40101 SET @OLD_CHARACTER_SET_CLIENT=@@CHARACTER_SET_CLIENT */;
/*!40101 SET @OLD_CHARACTER_SET_RESULTS=@@CHARACTER_SET_RESULTS */;
/*!40101 SET @OLD_COLLATION_CONNECTION=@@COLLATION_CONNECTION */;
/*!40101 SET NAMES utf8mb4 */;

--
-- Base de données :  `te_cog`
--

-- --------------------------------------------------------

--
-- Structure de la table `data_raw`
--

DROP TABLE IF EXISTS `data_raw`;
CREATE TABLE IF NOT EXISTS `data_raw` (
  `id_raw` int(11) NOT NULL AUTO_INCREMENT,
  `data` text COLLATE utf8_unicode_ci NOT NULL,
  `date_raw` datetime NOT NULL DEFAULT current_timestamp(),
  PRIMARY KEY (`id_raw`)
) ENGINE=MyISAM AUTO_INCREMENT=3 DEFAULT CHARSET=utf8 COLLATE=utf8_unicode_ci;

--
-- Déchargement des données de la table `data_raw`
--

INSERT INTO `data_raw` (`id_raw`, `data`, `date_raw`) VALUES
(1, '[{\"rt\":449.750000028871,\"stimulus\":\"Réponse :\",\"key_press\":\"4\",\"test_part\":\"trial_1_1\",\"correct_response\":4,\"trial_type\":\"html-keyboard-response\",\"trial_index\":5,\"time_elapsed\":5367,\"internal_node_id\":\"0.0-3.0-0.0\",\"correct\":false},{\"rt\":136.3950000377372,\"stimulus\":\"Réponse :\",\"key_press\":\"3\",\"test_part\":\"trial_1_2\",\"correct_response\":3,\"trial_type\":\"html-keyboard-response\",\"trial_index\":6,\"time_elapsed\":5504,\"internal_node_id\":\"0.0-3.0-0.1\",\"correct\":false},{\"rt\":139.35499999206513,\"stimulus\":\"Réponse :\",\"key_press\":\"2\",\"test_part\":\"trial_1_3\",\"correct_response\":5,\"trial_type\":\"html-keyboard-response\",\"trial_index\":7,\"time_elapsed\":5644,\"internal_node_id\":\"0.0-3.0-0.2\",\"correct\":false},{\"rt\":501.8850000342354,\"stimulus\":\"Réponse :\",\"key_press\":\"2\",\"test_part\":\"trial_2_1\",\"correct_response\":5,\"trial_type\":\"html-keyboard-response\",\"trial_index\":13,\"time_elapsed\":11652,\"internal_node_id\":\"0.0-6.0-0.0\",\"correct\":false},{\"rt\":109.28500001318753,\"stimulus\":\"Réponse :\",\"key_press\":\"3\",\"test_part\":\"trial_2_2\",\"correct_response\":7,\"trial_type\":\"html-keyboard-response\",\"trial_index\":14,\"time_elapsed\":11762,\"internal_node_id\":\"0.0-6.0-0.1\",\"correct\":false},{\"rt\":105.48499994911253,\"stimulus\":\"Réponse :\",\"key_press\":\"4\",\"test_part\":\"trial_2_3\",\"correct_response\":1,\"trial_type\":\"html-keyboard-response\",\"trial_index\":15,\"time_elapsed\":11868,\"internal_node_id\":\"0.0-6.0-0.2\",\"correct\":false},{\"rt\":393.55999999679625,\"stimulus\":\"Réponse :\",\"key_press\":\"3\",\"test_part\":\"trial_2_4\",\"correct_response\":6,\"trial_type\":\"html-keyboard-response\",\"trial_index\":16,\"time_elapsed\":12262,\"internal_node_id\":\"0.0-6.0-0.3\",\"correct\":false},{\"rt\":334.2950000660494,\"stimulus\":\"Réponse :\",\"key_press\":\"4\",\"test_part\":\"trial_3_1\",\"correct_response\":7,\"trial_type\":\"html-keyboard-response\",\"trial_index\":23,\"time_elapsed\":19106,\"internal_node_id\":\"0.0-9.0-0.0\",\"correct\":false},{\"rt\":145.5400000559166,\"stimulus\":\"Réponse :\",\"key_press\":\"3\",\"test_part\":\"trial_3_2\",\"correct_response\":6,\"trial_type\":\"html-keyboard-response\",\"trial_index\":24,\"time_elapsed\":19252,\"internal_node_id\":\"0.0-9.0-0.1\",\"correct\":false},{\"rt\":75.50000003539026,\"stimulus\":\"Réponse :\",\"key_press\":\"2\",\"test_part\":\"trial_3_3\",\"correct_response\":5,\"trial_type\":\"html-keyboard-response\",\"trial_index\":25,\"time_elapsed\":19328,\"internal_node_id\":\"0.0-9.0-0.2\",\"correct\":false},{\"rt\":174.56999991554767,\"stimulus\":\"Réponse :\",\"key_press\":\"1\",\"test_part\":\"trial_3_4\",\"correct_response\":1,\"trial_type\":\"html-keyboard-response\",\"trial_index\":26,\"time_elapsed\":19503,\"internal_node_id\":\"0.0-9.0-0.3\",\"correct\":false},{\"rt\":212.6299999654293,\"stimulus\":\"Réponse :\",\"key_press\":\"2\",\"test_part\":\"trial_3_5\",\"correct_response\":9,\"trial_type\":\"html-keyboard-response\",\"trial_index\":27,\"time_elapsed\":19716,\"internal_node_id\":\"0.0-9.0-0.4\",\"correct\":false},{\"rt\":410.3200000245124,\"stimulus\":\"Réponse :\",\"key_press\":\"1\",\"test_part\":\"trial_4_1\",\"correct_response\":9,\"trial_type\":\"html-keyboard-response\",\"trial_index\":35,\"time_elapsed\":27636,\"internal_node_id\":\"0.0-12.0-0.0\",\"correct\":false},{\"rt\":184.4500000588596,\"stimulus\":\"Réponse :\",\"key_press\":\"2\",\"test_part\":\"trial_4_2\",\"correct_response\":3,\"trial_type\":\"html-keyboard-response\",\"trial_index\":36,\"time_elapsed\":27821,\"internal_node_id\":\"0.0-12.0-0.1\",\"correct\":false},{\"rt\":27.479999931529164,\"stimulus\":\"Réponse :\",\"key_press\":\"3\",\"test_part\":\"trial_4_3\",\"correct_response\":5,\"trial_type\":\"html-keyboard-response\",\"trial_index\":37,\"time_elapsed\":27849,\"internal_node_id\":\"0.0-12.0-0.2\",\"correct\":false},{\"rt\":177.34000005293638,\"stimulus\":\"Réponse :\",\"key_press\":\"4\",\"test_part\":\"trial_4_4\",\"correct_response\":8,\"trial_type\":\"html-keyboard-response\",\"trial_index\":38,\"time_elapsed\":28027,\"internal_node_id\":\"0.0-12.0-0.3\",\"correct\":false},{\"rt\":2133.724999963306,\"stimulus\":\"Réponse :\",\"key_press\":\"4\",\"test_part\":\"trial_4_5\",\"correct_response\":7,\"trial_type\":\"html-keyboard-response\",\"trial_index\":39,\"time_elapsed\":30161,\"internal_node_id\":\"0.0-12.0-0.4\",\"correct\":false},{\"rt\":154.43999995477498,\"stimulus\":\"Réponse :\",\"key_press\":\"3\",\"test_part\":\"trial_4_6\",\"correct_response\":4,\"trial_type\":\"html-keyboard-response\",\"trial_index\":40,\"time_elapsed\":30316,\"internal_node_id\":\"0.0-12.0-0.5\",\"correct\":false},{\"rt\":399.96499998960644,\"stimulus\":\"Réponse :\",\"key_press\":\"7\",\"test_part\":\"trial_5_1\",\"correct_response\":4,\"trial_type\":\"html-keyboard-response\",\"trial_index\":49,\"time_elapsed\":39230,\"internal_node_id\":\"0.0-15.0-0.0\",\"correct\":false},{\"rt\":120.2699999557808,\"stimulus\":\"Réponse :\",\"key_press\":\"6\",\"test_part\":\"trial_5_2\",\"correct_response\":6,\"trial_type\":\"html-keyboard-response\",\"trial_index\":50,\"time_elapsed\":39350,\"internal_node_id\":\"0.0-15.0-0.1\",\"correct\":false},{\"rt\":97.47999999672174,\"stimulus\":\"Réponse :\",\"key_press\":\"5\",\"test_part\":\"trial_5_3\",\"correct_response\":5,\"trial_type\":\"html-keyboard-response\",\"trial_index\":51,\"time_elapsed\":39448,\"internal_node_id\":\"0.0-15.0-0.2\",\"correct\":false},{\"rt\":110.5049999896437,\"stimulus\":\"Réponse :\",\"key_press\":\"4\",\"test_part\":\"trial_5_4\",\"correct_response\":8,\"trial_type\":\"html-keyboard-response\",\"trial_index\":52,\"time_elapsed\":39559,\"internal_node_id\":\"0.0-15.0-0.3\",\"correct\":false},{\"rt\":226.75999999046326,\"stimulus\":\"Réponse :\",\"key_press\":\"7\",\"test_part\":\"trial_5_5\",\"correct_response\":2,\"trial_type\":\"html-keyboard-response\",\"trial_index\":53,\"time_elapsed\":39786,\"internal_node_id\":\"0.0-15.0-0.4\",\"correct\":false},{\"rt\":53.34500002209097,\"stimulus\":\"Réponse :\",\"key_press\":\"5\",\"test_part\":\"trial_5_6\",\"correct_response\":1,\"trial_type\":\"html-keyboard-response\",\"trial_index\":54,\"time_elapsed\":39840,\"internal_node_id\":\"0.0-15.0-0.5\",\"correct\":false},{\"rt\":9.474999969825149,\"stimulus\":\"Réponse :\",\"key_press\":\"6\",\"test_part\":\"trial_5_7\",\"correct_response\":3,\"trial_type\":\"html-keyboard-response\",\"trial_index\":55,\"time_elapsed\":39850,\"internal_node_id\":\"0.0-15.0-0.6\",\"correct\":false},{\"rt\":308.4149999776855,\"stimulus\":\"Réponse :\",\"key_press\":\"7\",\"test_part\":\"trial_6_1\",\"correct_response\":5,\"trial_type\":\"html-keyboard-response\",\"trial_index\":64,\"time_elapsed\":48672,\"internal_node_id\":\"0.0-18.0-0.0\",\"correct\":false},{\"rt\":148.56999996118248,\"stimulus\":\"Réponse :\",\"key_press\":\"6\",\"test_part\":\"trial_6_2\",\"correct_response\":8,\"trial_type\":\"html-keyboard-response\",\"trial_index\":65,\"time_elapsed\":48821,\"internal_node_id\":\"0.0-18.0-0.1\",\"correct\":false},{\"rt\":44.5550000295043,\"stimulus\":\"Réponse :\",\"key_press\":\"5\",\"test_part\":\"trial_6_3\",\"correct_response\":2,\"trial_type\":\"html-keyboard-response\",\"trial_index\":66,\"time_elapsed\":48866,\"internal_node_id\":\"0.0-18.0-0.2\",\"correct\":false},{\"rt\":99.76000001188368,\"stimulus\":\"Réponse :\",\"key_press\":\"4\",\"test_part\":\"trial_6_4\",\"correct_response\":3,\"trial_type\":\"html-keyboard-response\",\"trial_index\":67,\"time_elapsed\":48966,\"internal_node_id\":\"0.0-18.0-0.3\",\"correct\":false},{\"rt\":173.48500003572553,\"stimulus\":\"Réponse :\",\"key_press\":\"7\",\"test_part\":\"trial_6_5\",\"correct_response\":7,\"trial_type\":\"html-keyboard-response\",\"trial_index\":68,\"time_elapsed\":49140,\"internal_node_id\":\"0.0-18.0-0.4\",\"correct\":false},{\"rt\":335.33000003080815,\"stimulus\":\"Réponse :\",\"key_press\":\"5\",\"test_part\":\"trial_6_6\",\"correct_response\":1,\"trial_type\":\"html-keyboard-response\",\"trial_index\":69,\"time_elapsed\":49477,\"internal_node_id\":\"0.0-18.0-0.5\",\"correct\":false},{\"rt\":12.335000094026327,\"stimulus\":\"Réponse :\",\"key_press\":\"6\",\"test_part\":\"trial_6_7\",\"correct_response\":9,\"trial_type\":\"html-keyboard-response\",\"trial_index\":70,\"time_elapsed\":49490,\"internal_node_id\":\"0.0-18.0-0.6\",\"correct\":false},{\"rt\":467.7350000711158,\"stimulus\":\"Réponse :\",\"key_press\":\"6\",\"test_part\":\"trial_7_1\",\"correct_response\":1,\"trial_type\":\"html-keyboard-response\",\"trial_index\":78,\"time_elapsed\":57469,\"internal_node_id\":\"0.0-21.0-0.0\",\"correct\":false},{\"rt\":169.54499995335937,\"stimulus\":\"Réponse :\",\"key_press\":\"8\",\"test_part\":\"trial_7_2\",\"correct_response\":4,\"trial_type\":\"html-keyboard-response\",\"trial_index\":79,\"time_elapsed\":57639,\"internal_node_id\":\"0.0-21.0-0.1\",\"correct\":false},{\"rt\":91.53500001411885,\"stimulus\":\"Réponse :\",\"key_press\":\"5\",\"test_part\":\"trial_7_3\",\"correct_response\":9,\"trial_type\":\"html-keyboard-response\",\"trial_index\":80,\"time_elapsed\":57731,\"internal_node_id\":\"0.0-21.0-0.2\",\"correct\":false},{\"rt\":93.58500002417713,\"stimulus\":\"Réponse :\",\"key_press\":\"4\",\"test_part\":\"trial_7_4\",\"correct_response\":7,\"trial_type\":\"html-keyboard-response\",\"trial_index\":81,\"time_elapsed\":57825,\"internal_node_id\":\"0.0-21.0-0.3\",\"correct\":false},{\"rt\":175.48999993596226,\"stimulus\":\"Réponse :\",\"key_press\":\"6\",\"test_part\":\"trial_7_5\",\"correct_response\":6,\"trial_type\":\"html-keyboard-response\",\"trial_index\":82,\"time_elapsed\":58001,\"internal_node_id\":\"0.0-21.0-0.4\",\"correct\":false},{\"rt\":25.49999998882413,\"stimulus\":\"Réponse :\",\"key_press\":\"8\",\"test_part\":\"trial_7_6\",\"correct_response\":8,\"trial_type\":\"html-keyboard-response\",\"trial_index\":83,\"time_elapsed\":58027,\"internal_node_id\":\"0.0-21.0-0.5\",\"correct\":false},{\"rt\":482.18500008806586,\"stimulus\":\"Réponse :\",\"key_press\":\"8\",\"test_part\":\"trial_8_1\",\"correct_response\":3,\"trial_type\":\"html-keyboard-response\",\"trial_index\":92,\"time_elapsed\":67019,\"internal_node_id\":\"0.0-24.0-0.0\",\"correct\":false},{\"rt\":96.35999996680766,\"stimulus\":\"Réponse :\",\"key_press\":\"6\",\"test_part\":\"trial_8_2\",\"correct_response\":8,\"trial_type\":\"html-keyboard-response\",\"trial_index\":93,\"time_elapsed\":67116,\"internal_node_id\":\"0.0-24.0-0.1\",\"correct\":false},{\"rt\":71.5000000782311,\"stimulus\":\"Réponse :\",\"key_press\":\"5\",\"test_part\":\"trial_8_3\",\"correct_response\":9,\"trial_type\":\"html-keyboard-response\",\"trial_index\":94,\"time_elapsed\":67188,\"internal_node_id\":\"0.0-24.0-0.2\",\"correct\":false},{\"rt\":65.47000003047287,\"stimulus\":\"Réponse :\",\"key_press\":\"4\",\"test_part\":\"trial_8_4\",\"correct_response\":1,\"trial_type\":\"html-keyboard-response\",\"trial_index\":95,\"time_elapsed\":67254,\"internal_node_id\":\"0.0-24.0-0.3\",\"correct\":false},{\"rt\":143.48500000778586,\"stimulus\":\"Réponse :\",\"key_press\":\"8\",\"test_part\":\"trial_8_5\",\"correct_response\":2,\"trial_type\":\"html-keyboard-response\",\"trial_index\":96,\"time_elapsed\":67398,\"internal_node_id\":\"0.0-24.0-0.4\",\"correct\":false},{\"rt\":145.9500000346452,\"stimulus\":\"Réponse :\",\"key_press\":\"6\",\"test_part\":\"trial_8_6\",\"correct_response\":4,\"trial_type\":\"html-keyboard-response\",\"trial_index\":97,\"time_elapsed\":67544,\"internal_node_id\":\"0.0-24.0-0.5\",\"correct\":false},{\"rt\":11.364999925717711,\"stimulus\":\"Réponse :\",\"key_press\":\"5\",\"test_part\":\"trial_8_7\",\"correct_response\":5,\"trial_type\":\"html-keyboard-response\",\"trial_index\":98,\"time_elapsed\":67556,\"internal_node_id\":\"0.0-24.0-0.6\",\"correct\":false},{\"rt\":1031.0250000329688,\"stimulus\":\"Réponse :\",\"key_press\":\"6\",\"test_part\":\"trial_9_1\",\"correct_response\":8,\"trial_type\":\"html-keyboard-response\",\"trial_index\":107,\"time_elapsed\":77099,\"internal_node_id\":\"0.0-27.0-0.0\",\"correct\":false},{\"rt\":92.47999999206513,\"stimulus\":\"Réponse :\",\"key_press\":\"7\",\"test_part\":\"trial_9_2\",\"correct_response\":4,\"trial_type\":\"html-keyboard-response\",\"trial_index\":108,\"time_elapsed\":77192,\"internal_node_id\":\"0.0-27.0-0.1\",\"correct\":false},{\"rt\":91.30499989259988,\"stimulus\":\"Réponse :\",\"key_press\":\"8\",\"test_part\":\"trial_9_3\",\"correct_response\":1,\"trial_type\":\"html-keyboard-response\",\"trial_index\":109,\"time_elapsed\":77283,\"internal_node_id\":\"0.0-27.0-0.2\",\"correct\":false},{\"rt\":61.74000003375113,\"stimulus\":\"Réponse :\",\"key_press\":\"9\",\"test_part\":\"trial_9_4\",\"correct_response\":6,\"trial_type\":\"html-keyboard-response\",\"trial_index\":110,\"time_elapsed\":77346,\"internal_node_id\":\"0.0-27.0-0.3\",\"correct\":false},{\"rt\":197.4649999756366,\"stimulus\":\"Réponse :\",\"key_press\":\"6\",\"test_part\":\"trial_9_5\",\"correct_response\":2,\"trial_type\":\"html-keyboard-response\",\"trial_index\":111,\"time_elapsed\":77544,\"internal_node_id\":\"0.0-27.0-0.4\",\"correct\":false},{\"rt\":383.19500000216067,\"stimulus\":\"Réponse :\",\"key_press\":\"7\",\"test_part\":\"trial_9_6\",\"correct_response\":9,\"trial_type\":\"html-keyboard-response\",\"trial_index\":112,\"time_elapsed\":77928,\"internal_node_id\":\"0.0-27.0-0.5\",\"correct\":false},{\"rt\":225.54500005207956,\"stimulus\":\"Réponse :\",\"key_press\":\"8\",\"test_part\":\"trial_9_7\",\"correct_response\":7,\"trial_type\":\"html-keyboard-response\",\"trial_index\":113,\"time_elapsed\":78154,\"internal_node_id\":\"0.0-27.0-0.6\",\"correct\":false},{\"rt\":1257.4150000000373,\"stimulus\":\"Réponse :\",\"key_press\":\"6\",\"test_part\":\"trial_10_1\",\"correct_response\":3,\"trial_type\":\"html-keyboard-response\",\"trial_index\":123,\"time_elapsed\":88928,\"internal_node_id\":\"0.0-30.0-0.0\",\"correct\":false},{\"rt\":0.12500002048909664,\"stimulus\":\"Réponse :\",\"key_press\":\"7\",\"test_part\":\"trial_10_2\",\"correct_response\":8,\"trial_type\":\"html-keyboard-response\",\"trial_index\":124,\"time_elapsed\":88928,\"internal_node_id\":\"0.0-30.0-0.1\",\"correct\":false},{\"rt\":132.01499998103827,\"stimulus\":\"Réponse :\",\"key_press\":\"5\",\"test_part\":\"trial_10_3\",\"correct_response\":9,\"trial_type\":\"html-keyboard-response\",\"trial_index\":125,\"time_elapsed\":89060,\"internal_node_id\":\"0.0-30.0-0.2\",\"correct\":false},{\"rt\":157.44500001892447,\"stimulus\":\"Réponse :\",\"key_press\":\"7\",\"test_part\":\"trial_10_4\",\"correct_response\":1,\"trial_type\":\"html-keyboard-response\",\"trial_index\":126,\"time_elapsed\":89218,\"internal_node_id\":\"0.0-30.0-0.3\",\"correct\":false},{\"rt\":5.775000085122883,\"stimulus\":\"Réponse :\",\"key_press\":\"8\",\"test_part\":\"trial_10_5\",\"correct_response\":2,\"trial_type\":\"html-keyboard-response\",\"trial_index\":127,\"time_elapsed\":89224,\"internal_node_id\":\"0.0-30.0-0.4\",\"correct\":false},{\"rt\":0.11999998241662979,\"stimulus\":\"Réponse :\",\"key_press\":\"9\",\"test_part\":\"trial_10_6\",\"correct_response\":7,\"trial_type\":\"html-keyboard-response\",\"trial_index\":128,\"time_elapsed\":89225,\"internal_node_id\":\"0.0-30.0-0.5\",\"correct\":false},{\"rt\":11.0199999762699,\"stimulus\":\"Réponse :\",\"key_press\":\"6\",\"test_part\":\"trial_10_7\",\"correct_response\":5,\"trial_type\":\"html-keyboard-response\",\"trial_index\":129,\"time_elapsed\":89236,\"internal_node_id\":\"0.0-30.0-0.6\",\"correct\":false},{\"rt\":111.53499991632998,\"stimulus\":\"Réponse :\",\"key_press\":\"5\",\"test_part\":\"trial_10_8\",\"correct_response\":6,\"trial_type\":\"html-keyboard-response\",\"trial_index\":130,\"time_elapsed\":89348,\"internal_node_id\":\"0.0-30.0-0.7\",\"correct\":false},{\"rt\":869.2499999888241,\"stimulus\":\"Réponse :\",\"key_press\":\"7\",\"test_part\":\"trial_11_1\",\"correct_response\":6,\"trial_type\":\"html-keyboard-response\",\"trial_index\":140,\"time_elapsed\":99731,\"internal_node_id\":\"0.0-33.0-0.0\",\"correct\":false},{\"rt\":35.834999987855554,\"stimulus\":\"Réponse :\",\"key_press\":\"6\",\"test_part\":\"trial_11_2\",\"correct_response\":4,\"trial_type\":\"html-keyboard-response\",\"trial_index\":141,\"time_elapsed\":99768,\"internal_node_id\":\"0.0-33.0-0.1\",\"correct\":false},{\"rt\":93.63999997731298,\"stimulus\":\"Réponse :\",\"key_press\":\"5\",\"test_part\":\"trial_11_3\",\"correct_response\":1,\"trial_type\":\"html-keyboard-response\",\"trial_index\":142,\"time_elapsed\":99862,\"internal_node_id\":\"0.0-33.0-0.2\",\"correct\":false},{\"rt\":93.45499996561557,\"stimulus\":\"Réponse :\",\"key_press\":\"4\",\"test_part\":\"trial_11_4\",\"correct_response\":8,\"trial_type\":\"html-keyboard-response\",\"trial_index\":143,\"time_elapsed\":99956,\"internal_node_id\":\"0.0-33.0-0.3\",\"correct\":false},{\"rt\":3.585000056773424,\"stimulus\":\"Réponse :\",\"key_press\":\"3\",\"test_part\":\"trial_11_5\",\"correct_response\":7,\"trial_type\":\"html-keyboard-response\",\"trial_index\":144,\"time_elapsed\":99960,\"internal_node_id\":\"0.0-33.0-0.4\",\"correct\":false},{\"rt\":153.74999993946403,\"stimulus\":\"Réponse :\",\"key_press\":\"7\",\"test_part\":\"trial_11_6\",\"correct_response\":2,\"trial_type\":\"html-keyboard-response\",\"trial_index\":145,\"time_elapsed\":100114,\"internal_node_id\":\"0.0-33.0-0.5\",\"correct\":false},{\"rt\":191.5100000333041,\"stimulus\":\"Réponse :\",\"key_press\":\"6\",\"test_part\":\"trial_11_7\",\"correct_response\":3,\"trial_type\":\"html-keyboard-response\",\"trial_index\":146,\"time_elapsed\":100306,\"internal_node_id\":\"0.0-33.0-0.6\",\"correct\":false},{\"rt\":3.5099999513477087,\"stimulus\":\"Réponse :\",\"key_press\":\"5\",\"test_part\":\"trial_11_8\",\"correct_response\":9,\"trial_type\":\"html-keyboard-response\",\"trial_index\":147,\"time_elapsed\":100310,\"internal_node_id\":\"0.0-33.0-0.7\",\"correct\":false},{\"rt\":936.2950000213459,\"stimulus\":\"Réponse :\",\"key_press\":\"6\",\"test_part\":\"trial_12_1\",\"correct_response\":7,\"trial_type\":\"html-keyboard-response\",\"trial_index\":158,\"time_elapsed\":111765,\"internal_node_id\":\"0.0-36.0-0.0\",\"correct\":false},{\"rt\":108.33499999716878,\"stimulus\":\"Réponse :\",\"key_press\":\"7\",\"test_part\":\"trial_12_2\",\"correct_response\":9,\"trial_type\":\"html-keyboard-response\",\"trial_index\":159,\"time_elapsed\":111873,\"internal_node_id\":\"0.0-36.0-0.1\",\"correct\":false},{\"rt\":43.55499998200685,\"stimulus\":\"Réponse :\",\"key_press\":\"8\",\"test_part\":\"trial_12_3\",\"correct_response\":6,\"trial_type\":\"html-keyboard-response\",\"trial_index\":160,\"time_elapsed\":111917,\"internal_node_id\":\"0.0-36.0-0.2\",\"correct\":false},{\"rt\":19.515000050887465,\"stimulus\":\"Réponse :\",\"key_press\":\"9\",\"test_part\":\"trial_12_4\",\"correct_response\":2,\"trial_type\":\"html-keyboard-response\",\"trial_index\":161,\"time_elapsed\":111937,\"internal_node_id\":\"0.0-36.0-0.3\",\"correct\":false},{\"rt\":207.7900000149384,\"stimulus\":\"Réponse :\",\"key_press\":\"7\",\"test_part\":\"trial_12_5\",\"correct_response\":8,\"trial_type\":\"html-keyboard-response\",\"trial_index\":162,\"time_elapsed\":112146,\"internal_node_id\":\"0.0-36.0-0.4\",\"correct\":false},{\"rt\":133.46000004094094,\"stimulus\":\"Réponse :\",\"key_press\":\"5\",\"test_part\":\"trial_12_6\",\"correct_response\":3,\"trial_type\":\"html-keyboard-response\",\"trial_index\":163,\"time_elapsed\":112279,\"internal_node_id\":\"0.0-36.0-0.5\",\"correct\":false},{\"rt\":335.56499995756894,\"stimulus\":\"Réponse :\",\"key_press\":\"4\",\"test_part\":\"trial_12_7\",\"correct_response\":5,\"trial_type\":\"html-keyboard-response\",\"trial_index\":164,\"time_elapsed\":112615,\"internal_node_id\":\"0.0-36.0-0.6\",\"correct\":false},{\"rt\":1.500000013038516,\"stimulus\":\"Réponse :\",\"key_press\":\"6\",\"test_part\":\"trial_12_8\",\"correct_response\":4,\"trial_type\":\"html-keyboard-response\",\"trial_index\":165,\"time_elapsed\":112617,\"internal_node_id\":\"0.0-36.0-0.7\",\"correct\":false},{\"rt\":191.8049999512732,\"stimulus\":\"Réponse :\",\"key_press\":\"7\",\"test_part\":\"trial_12_9\",\"correct_response\":1,\"trial_type\":\"html-keyboard-response\",\"trial_index\":166,\"time_elapsed\":112810,\"internal_node_id\":\"0.0-36.0-0.8\",\"correct\":false},{\"rt\":384.06499999109656,\"stimulus\":\"Réponse :\",\"key_press\":\"4\",\"test_part\":\"trial_13_1\",\"correct_response\":6,\"trial_type\":\"html-keyboard-response\",\"trial_index\":177,\"time_elapsed\":123706,\"internal_node_id\":\"0.0-39.0-0.0\",\"correct\":false},{\"rt\":118.29499993473291,\"stimulus\":\"Réponse :\",\"key_press\":\"5\",\"test_part\":\"trial_13_2\",\"correct_response\":7,\"trial_type\":\"html-keyboard-response\",\"trial_index\":178,\"time_elapsed\":123825,\"internal_node_id\":\"0.0-39.0-0.1\",\"correct\":false},{\"rt\":43.59500005375594,\"stimulus\":\"Réponse :\",\"key_press\":\"7\",\"test_part\":\"trial_13_3\",\"correct_response\":2,\"trial_type\":\"html-keyboard-response\",\"trial_index\":179,\"time_elapsed\":123869,\"internal_node_id\":\"0.0-39.0-0.2\",\"correct\":false},{\"rt\":355.44499999377877,\"stimulus\":\"Réponse :\",\"key_press\":\"4\",\"test_part\":\"trial_13_4\",\"correct_response\":1,\"trial_type\":\"html-keyboard-response\",\"trial_index\":180,\"time_elapsed\":124225,\"internal_node_id\":\"0.0-39.0-0.3\",\"correct\":false},{\"rt\":59.72500005736947,\"stimulus\":\"Réponse :\",\"key_press\":\"7\",\"test_part\":\"trial_13_5\",\"correct_response\":4,\"trial_type\":\"html-keyboard-response\",\"trial_index\":181,\"time_elapsed\":124285,\"internal_node_id\":\"0.0-39.0-0.4\",\"correct\":false},{\"rt\":121.48999993223697,\"stimulus\":\"Réponse :\",\"key_press\":\"9\",\"test_part\":\"trial_13_6\",\"correct_response\":3,\"trial_type\":\"html-keyboard-response\",\"trial_index\":182,\"time_elapsed\":124407,\"internal_node_id\":\"0.0-39.0-0.5\",\"correct\":false},{\"rt\":397.6000000257045,\"stimulus\":\"Réponse :\",\"key_press\":\"7\",\"test_part\":\"trial_13_7\",\"correct_response\":5,\"trial_type\":\"html-keyboard-response\",\"trial_index\":183,\"time_elapsed\":124805,\"internal_node_id\":\"0.0-39.0-0.6\",\"correct\":false},{\"rt\":141.60999993328005,\"stimulus\":\"Réponse :\",\"key_press\":\"6\",\"test_part\":\"trial_13_8\",\"correct_response\":9,\"trial_type\":\"html-keyboard-response\",\"trial_index\":184,\"time_elapsed\":124947,\"internal_node_id\":\"0.0-39.0-0.7\",\"correct\":false},{\"rt\":72.90999998804182,\"stimulus\":\"Réponse :\",\"key_press\":\"4\",\"test_part\":\"trial_13_9\",\"correct_response\":8,\"trial_type\":\"html-keyboard-response\",\"trial_index\":185,\"time_elapsed\":125021,\"internal_node_id\":\"0.0-39.0-0.8\",\"correct\":false},{\"rt\":734.6050000051036,\"stimulus\":\"Réponse :\",\"key_press\":\"8\",\"test_part\":\"trial_14_1\",\"correct_response\":4,\"trial_type\":\"html-keyboard-response\",\"trial_index\":195,\"time_elapsed\":135269,\"internal_node_id\":\"0.0-42.0-0.0\",\"correct\":false},{\"rt\":6.519999937154353,\"stimulus\":\"Réponse :\",\"key_press\":\"4\",\"test_part\":\"trial_14_2\",\"correct_response\":5,\"trial_type\":\"html-keyboard-response\",\"trial_index\":196,\"time_elapsed\":135276,\"internal_node_id\":\"0.0-42.0-0.1\",\"correct\":false},{\"rt\":0.12500002048909664,\"stimulus\":\"Réponse :\",\"key_press\":\"9\",\"test_part\":\"trial_14_3\",\"correct_response\":1,\"trial_type\":\"html-keyboard-response\",\"trial_index\":197,\"time_elapsed\":135276,\"internal_node_id\":\"0.0-42.0-0.2\",\"correct\":false},{\"rt\":21.08500001486391,\"stimulus\":\"Réponse :\",\"key_press\":\"3\",\"test_part\":\"trial_14_4\",\"correct_response\":8,\"trial_type\":\"html-keyboard-response\",\"trial_index\":198,\"time_elapsed\":135298,\"internal_node_id\":\"0.0-42.0-0.3\",\"correct\":false},{\"rt\":95.57999996468425,\"stimulus\":\"Réponse :\",\"key_press\":\"6\",\"test_part\":\"trial_14_5\",\"correct_response\":7,\"trial_type\":\"html-keyboard-response\",\"trial_index\":199,\"time_elapsed\":135394,\"internal_node_id\":\"0.0-42.0-0.4\",\"correct\":false},{\"rt\":65.61000004876405,\"stimulus\":\"Réponse :\",\"key_press\":\"2\",\"test_part\":\"trial_14_6\",\"correct_response\":2,\"trial_type\":\"html-keyboard-response\",\"trial_index\":200,\"time_elapsed\":135460,\"internal_node_id\":\"0.0-42.0-0.5\",\"correct\":false},{\"rt\":12.529999949038029,\"stimulus\":\"Réponse :\",\"key_press\":\"7\",\"test_part\":\"trial_14_7\",\"correct_response\":3,\"trial_type\":\"html-keyboard-response\",\"trial_index\":201,\"time_elapsed\":135473,\"internal_node_id\":\"0.0-42.0-0.6\",\"correct\":false},{\"rt\":170.39999994449317,\"stimulus\":\"Réponse :\",\"key_press\":\"8\",\"test_part\":\"trial_14_8\",\"correct_response\":6,\"trial_type\":\"html-keyboard-response\",\"trial_index\":202,\"time_elapsed\":135643,\"internal_node_id\":\"0.0-42.0-0.7\",\"correct\":false}]', '2020-04-12 12:10:47');
INSERT INTO `data_raw` (`id_raw`, `data`, `date_raw`) VALUES
(2, '[{\"rt\":449.750000028871,\"stimulus\":\"Réponse :\",\"key_press\":\"4\",\"test_part\":\"trial_1_1\",\"correct_response\":4,\"trial_type\":\"html-keyboard-response\",\"trial_index\":5,\"time_elapsed\":5367,\"internal_node_id\":\"0.0-3.0-0.0\",\"correct\":false},{\"rt\":136.3950000377372,\"stimulus\":\"Réponse :\",\"key_press\":\"3\",\"test_part\":\"trial_1_2\",\"correct_response\":3,\"trial_type\":\"html-keyboard-response\",\"trial_index\":6,\"time_elapsed\":5504,\"internal_node_id\":\"0.0-3.0-0.1\",\"correct\":false},{\"rt\":139.35499999206513,\"stimulus\":\"Réponse :\",\"key_press\":\"2\",\"test_part\":\"trial_1_3\",\"correct_response\":5,\"trial_type\":\"html-keyboard-response\",\"trial_index\":7,\"time_elapsed\":5644,\"internal_node_id\":\"0.0-3.0-0.2\",\"correct\":false},{\"rt\":501.8850000342354,\"stimulus\":\"Réponse :\",\"key_press\":\"2\",\"test_part\":\"trial_2_1\",\"correct_response\":5,\"trial_type\":\"html-keyboard-response\",\"trial_index\":13,\"time_elapsed\":11652,\"internal_node_id\":\"0.0-6.0-0.0\",\"correct\":false},{\"rt\":109.28500001318753,\"stimulus\":\"Réponse :\",\"key_press\":\"3\",\"test_part\":\"trial_2_2\",\"correct_response\":7,\"trial_type\":\"html-keyboard-response\",\"trial_index\":14,\"time_elapsed\":11762,\"internal_node_id\":\"0.0-6.0-0.1\",\"correct\":false},{\"rt\":105.48499994911253,\"stimulus\":\"Réponse :\",\"key_press\":\"4\",\"test_part\":\"trial_2_3\",\"correct_response\":1,\"trial_type\":\"html-keyboard-response\",\"trial_index\":15,\"time_elapsed\":11868,\"internal_node_id\":\"0.0-6.0-0.2\",\"correct\":false},{\"rt\":393.55999999679625,\"stimulus\":\"Réponse :\",\"key_press\":\"3\",\"test_part\":\"trial_2_4\",\"correct_response\":6,\"trial_type\":\"html-keyboard-response\",\"trial_index\":16,\"time_elapsed\":12262,\"internal_node_id\":\"0.0-6.0-0.3\",\"correct\":false},{\"rt\":334.2950000660494,\"stimulus\":\"Réponse :\",\"key_press\":\"4\",\"test_part\":\"trial_3_1\",\"correct_response\":7,\"trial_type\":\"html-keyboard-response\",\"trial_index\":23,\"time_elapsed\":19106,\"internal_node_id\":\"0.0-9.0-0.0\",\"correct\":false},{\"rt\":145.5400000559166,\"stimulus\":\"Réponse :\",\"key_press\":\"3\",\"test_part\":\"trial_3_2\",\"correct_response\":6,\"trial_type\":\"html-keyboard-response\",\"trial_index\":24,\"time_elapsed\":19252,\"internal_node_id\":\"0.0-9.0-0.1\",\"correct\":false},{\"rt\":75.50000003539026,\"stimulus\":\"Réponse :\",\"key_press\":\"2\",\"test_part\":\"trial_3_3\",\"correct_response\":5,\"trial_type\":\"html-keyboard-response\",\"trial_index\":25,\"time_elapsed\":19328,\"internal_node_id\":\"0.0-9.0-0.2\",\"correct\":false},{\"rt\":174.56999991554767,\"stimulus\":\"Réponse :\",\"key_press\":\"1\",\"test_part\":\"trial_3_4\",\"correct_response\":1,\"trial_type\":\"html-keyboard-response\",\"trial_index\":26,\"time_elapsed\":19503,\"internal_node_id\":\"0.0-9.0-0.3\",\"correct\":false},{\"rt\":212.6299999654293,\"stimulus\":\"Réponse :\",\"key_press\":\"2\",\"test_part\":\"trial_3_5\",\"correct_response\":9,\"trial_type\":\"html-keyboard-response\",\"trial_index\":27,\"time_elapsed\":19716,\"internal_node_id\":\"0.0-9.0-0.4\",\"correct\":false},{\"rt\":410.3200000245124,\"stimulus\":\"Réponse :\",\"key_press\":\"1\",\"test_part\":\"trial_4_1\",\"correct_response\":9,\"trial_type\":\"html-keyboard-response\",\"trial_index\":35,\"time_elapsed\":27636,\"internal_node_id\":\"0.0-12.0-0.0\",\"correct\":false},{\"rt\":184.4500000588596,\"stimulus\":\"Réponse :\",\"key_press\":\"2\",\"test_part\":\"trial_4_2\",\"correct_response\":3,\"trial_type\":\"html-keyboard-response\",\"trial_index\":36,\"time_elapsed\":27821,\"internal_node_id\":\"0.0-12.0-0.1\",\"correct\":false},{\"rt\":27.479999931529164,\"stimulus\":\"Réponse :\",\"key_press\":\"3\",\"test_part\":\"trial_4_3\",\"correct_response\":5,\"trial_type\":\"html-keyboard-response\",\"trial_index\":37,\"time_elapsed\":27849,\"internal_node_id\":\"0.0-12.0-0.2\",\"correct\":false},{\"rt\":177.34000005293638,\"stimulus\":\"Réponse :\",\"key_press\":\"4\",\"test_part\":\"trial_4_4\",\"correct_response\":8,\"trial_type\":\"html-keyboard-response\",\"trial_index\":38,\"time_elapsed\":28027,\"internal_node_id\":\"0.0-12.0-0.3\",\"correct\":false},{\"rt\":2133.724999963306,\"stimulus\":\"Réponse :\",\"key_press\":\"4\",\"test_part\":\"trial_4_5\",\"correct_response\":7,\"trial_type\":\"html-keyboard-response\",\"trial_index\":39,\"time_elapsed\":30161,\"internal_node_id\":\"0.0-12.0-0.4\",\"correct\":false},{\"rt\":154.43999995477498,\"stimulus\":\"Réponse :\",\"key_press\":\"3\",\"test_part\":\"trial_4_6\",\"correct_response\":4,\"trial_type\":\"html-keyboard-response\",\"trial_index\":40,\"time_elapsed\":30316,\"internal_node_id\":\"0.0-12.0-0.5\",\"correct\":false},{\"rt\":399.96499998960644,\"stimulus\":\"Réponse :\",\"key_press\":\"7\",\"test_part\":\"trial_5_1\",\"correct_response\":4,\"trial_type\":\"html-keyboard-response\",\"trial_index\":49,\"time_elapsed\":39230,\"internal_node_id\":\"0.0-15.0-0.0\",\"correct\":false},{\"rt\":120.2699999557808,\"stimulus\":\"Réponse :\",\"key_press\":\"6\",\"test_part\":\"trial_5_2\",\"correct_response\":6,\"trial_type\":\"html-keyboard-response\",\"trial_index\":50,\"time_elapsed\":39350,\"internal_node_id\":\"0.0-15.0-0.1\",\"correct\":false},{\"rt\":97.47999999672174,\"stimulus\":\"Réponse :\",\"key_press\":\"5\",\"test_part\":\"trial_5_3\",\"correct_response\":5,\"trial_type\":\"html-keyboard-response\",\"trial_index\":51,\"time_elapsed\":39448,\"internal_node_id\":\"0.0-15.0-0.2\",\"correct\":false},{\"rt\":110.5049999896437,\"stimulus\":\"Réponse :\",\"key_press\":\"4\",\"test_part\":\"trial_5_4\",\"correct_response\":8,\"trial_type\":\"html-keyboard-response\",\"trial_index\":52,\"time_elapsed\":39559,\"internal_node_id\":\"0.0-15.0-0.3\",\"correct\":false},{\"rt\":226.75999999046326,\"stimulus\":\"Réponse :\",\"key_press\":\"7\",\"test_part\":\"trial_5_5\",\"correct_response\":2,\"trial_type\":\"html-keyboard-response\",\"trial_index\":53,\"time_elapsed\":39786,\"internal_node_id\":\"0.0-15.0-0.4\",\"correct\":false},{\"rt\":53.34500002209097,\"stimulus\":\"Réponse :\",\"key_press\":\"5\",\"test_part\":\"trial_5_6\",\"correct_response\":1,\"trial_type\":\"html-keyboard-response\",\"trial_index\":54,\"time_elapsed\":39840,\"internal_node_id\":\"0.0-15.0-0.5\",\"correct\":false},{\"rt\":9.474999969825149,\"stimulus\":\"Réponse :\",\"key_press\":\"6\",\"test_part\":\"trial_5_7\",\"correct_response\":3,\"trial_type\":\"html-keyboard-response\",\"trial_index\":55,\"time_elapsed\":39850,\"internal_node_id\":\"0.0-15.0-0.6\",\"correct\":false},{\"rt\":308.4149999776855,\"stimulus\":\"Réponse :\",\"key_press\":\"7\",\"test_part\":\"trial_6_1\",\"correct_response\":5,\"trial_type\":\"html-keyboard-response\",\"trial_index\":64,\"time_elapsed\":48672,\"internal_node_id\":\"0.0-18.0-0.0\",\"correct\":false},{\"rt\":148.56999996118248,\"stimulus\":\"Réponse :\",\"key_press\":\"6\",\"test_part\":\"trial_6_2\",\"correct_response\":8,\"trial_type\":\"html-keyboard-response\",\"trial_index\":65,\"time_elapsed\":48821,\"internal_node_id\":\"0.0-18.0-0.1\",\"correct\":false},{\"rt\":44.5550000295043,\"stimulus\":\"Réponse :\",\"key_press\":\"5\",\"test_part\":\"trial_6_3\",\"correct_response\":2,\"trial_type\":\"html-keyboard-response\",\"trial_index\":66,\"time_elapsed\":48866,\"internal_node_id\":\"0.0-18.0-0.2\",\"correct\":false},{\"rt\":99.76000001188368,\"stimulus\":\"Réponse :\",\"key_press\":\"4\",\"test_part\":\"trial_6_4\",\"correct_response\":3,\"trial_type\":\"html-keyboard-response\",\"trial_index\":67,\"time_elapsed\":48966,\"internal_node_id\":\"0.0-18.0-0.3\",\"correct\":false},{\"rt\":173.48500003572553,\"stimulus\":\"Réponse :\",\"key_press\":\"7\",\"test_part\":\"trial_6_5\",\"correct_response\":7,\"trial_type\":\"html-keyboard-response\",\"trial_index\":68,\"time_elapsed\":49140,\"internal_node_id\":\"0.0-18.0-0.4\",\"correct\":false},{\"rt\":335.33000003080815,\"stimulus\":\"Réponse :\",\"key_press\":\"5\",\"test_part\":\"trial_6_6\",\"correct_response\":1,\"trial_type\":\"html-keyboard-response\",\"trial_index\":69,\"time_elapsed\":49477,\"internal_node_id\":\"0.0-18.0-0.5\",\"correct\":false},{\"rt\":12.335000094026327,\"stimulus\":\"Réponse :\",\"key_press\":\"6\",\"test_part\":\"trial_6_7\",\"correct_response\":9,\"trial_type\":\"html-keyboard-response\",\"trial_index\":70,\"time_elapsed\":49490,\"internal_node_id\":\"0.0-18.0-0.6\",\"correct\":false},{\"rt\":467.7350000711158,\"stimulus\":\"Réponse :\",\"key_press\":\"6\",\"test_part\":\"trial_7_1\",\"correct_response\":1,\"trial_type\":\"html-keyboard-response\",\"trial_index\":78,\"time_elapsed\":57469,\"internal_node_id\":\"0.0-21.0-0.0\",\"correct\":false},{\"rt\":169.54499995335937,\"stimulus\":\"Réponse :\",\"key_press\":\"8\",\"test_part\":\"trial_7_2\",\"correct_response\":4,\"trial_type\":\"html-keyboard-response\",\"trial_index\":79,\"time_elapsed\":57639,\"internal_node_id\":\"0.0-21.0-0.1\",\"correct\":false},{\"rt\":91.53500001411885,\"stimulus\":\"Réponse :\",\"key_press\":\"5\",\"test_part\":\"trial_7_3\",\"correct_response\":9,\"trial_type\":\"html-keyboard-response\",\"trial_index\":80,\"time_elapsed\":57731,\"internal_node_id\":\"0.0-21.0-0.2\",\"correct\":false},{\"rt\":93.58500002417713,\"stimulus\":\"Réponse :\",\"key_press\":\"4\",\"test_part\":\"trial_7_4\",\"correct_response\":7,\"trial_type\":\"html-keyboard-response\",\"trial_index\":81,\"time_elapsed\":57825,\"internal_node_id\":\"0.0-21.0-0.3\",\"correct\":false},{\"rt\":175.48999993596226,\"stimulus\":\"Réponse :\",\"key_press\":\"6\",\"test_part\":\"trial_7_5\",\"correct_response\":6,\"trial_type\":\"html-keyboard-response\",\"trial_index\":82,\"time_elapsed\":58001,\"internal_node_id\":\"0.0-21.0-0.4\",\"correct\":false},{\"rt\":25.49999998882413,\"stimulus\":\"Réponse :\",\"key_press\":\"8\",\"test_part\":\"trial_7_6\",\"correct_response\":8,\"trial_type\":\"html-keyboard-response\",\"trial_index\":83,\"time_elapsed\":58027,\"internal_node_id\":\"0.0-21.0-0.5\",\"correct\":false},{\"rt\":482.18500008806586,\"stimulus\":\"Réponse :\",\"key_press\":\"8\",\"test_part\":\"trial_8_1\",\"correct_response\":3,\"trial_type\":\"html-keyboard-response\",\"trial_index\":92,\"time_elapsed\":67019,\"internal_node_id\":\"0.0-24.0-0.0\",\"correct\":false},{\"rt\":96.35999996680766,\"stimulus\":\"Réponse :\",\"key_press\":\"6\",\"test_part\":\"trial_8_2\",\"correct_response\":8,\"trial_type\":\"html-keyboard-response\",\"trial_index\":93,\"time_elapsed\":67116,\"internal_node_id\":\"0.0-24.0-0.1\",\"correct\":false},{\"rt\":71.5000000782311,\"stimulus\":\"Réponse :\",\"key_press\":\"5\",\"test_part\":\"trial_8_3\",\"correct_response\":9,\"trial_type\":\"html-keyboard-response\",\"trial_index\":94,\"time_elapsed\":67188,\"internal_node_id\":\"0.0-24.0-0.2\",\"correct\":false},{\"rt\":65.47000003047287,\"stimulus\":\"Réponse :\",\"key_press\":\"4\",\"test_part\":\"trial_8_4\",\"correct_response\":1,\"trial_type\":\"html-keyboard-response\",\"trial_index\":95,\"time_elapsed\":67254,\"internal_node_id\":\"0.0-24.0-0.3\",\"correct\":false},{\"rt\":143.48500000778586,\"stimulus\":\"Réponse :\",\"key_press\":\"8\",\"test_part\":\"trial_8_5\",\"correct_response\":2,\"trial_type\":\"html-keyboard-response\",\"trial_index\":96,\"time_elapsed\":67398,\"internal_node_id\":\"0.0-24.0-0.4\",\"correct\":false},{\"rt\":145.9500000346452,\"stimulus\":\"Réponse :\",\"key_press\":\"6\",\"test_part\":\"trial_8_6\",\"correct_response\":4,\"trial_type\":\"html-keyboard-response\",\"trial_index\":97,\"time_elapsed\":67544,\"internal_node_id\":\"0.0-24.0-0.5\",\"correct\":false},{\"rt\":11.364999925717711,\"stimulus\":\"Réponse :\",\"key_press\":\"5\",\"test_part\":\"trial_8_7\",\"correct_response\":5,\"trial_type\":\"html-keyboard-response\",\"trial_index\":98,\"time_elapsed\":67556,\"internal_node_id\":\"0.0-24.0-0.6\",\"correct\":false},{\"rt\":1031.0250000329688,\"stimulus\":\"Réponse :\",\"key_press\":\"6\",\"test_part\":\"trial_9_1\",\"correct_response\":8,\"trial_type\":\"html-keyboard-response\",\"trial_index\":107,\"time_elapsed\":77099,\"internal_node_id\":\"0.0-27.0-0.0\",\"correct\":false},{\"rt\":92.47999999206513,\"stimulus\":\"Réponse :\",\"key_press\":\"7\",\"test_part\":\"trial_9_2\",\"correct_response\":4,\"trial_type\":\"html-keyboard-response\",\"trial_index\":108,\"time_elapsed\":77192,\"internal_node_id\":\"0.0-27.0-0.1\",\"correct\":false},{\"rt\":91.30499989259988,\"stimulus\":\"Réponse :\",\"key_press\":\"8\",\"test_part\":\"trial_9_3\",\"correct_response\":1,\"trial_type\":\"html-keyboard-response\",\"trial_index\":109,\"time_elapsed\":77283,\"internal_node_id\":\"0.0-27.0-0.2\",\"correct\":false},{\"rt\":61.74000003375113,\"stimulus\":\"Réponse :\",\"key_press\":\"9\",\"test_part\":\"trial_9_4\",\"correct_response\":6,\"trial_type\":\"html-keyboard-response\",\"trial_index\":110,\"time_elapsed\":77346,\"internal_node_id\":\"0.0-27.0-0.3\",\"correct\":false},{\"rt\":197.4649999756366,\"stimulus\":\"Réponse :\",\"key_press\":\"6\",\"test_part\":\"trial_9_5\",\"correct_response\":2,\"trial_type\":\"html-keyboard-response\",\"trial_index\":111,\"time_elapsed\":77544,\"internal_node_id\":\"0.0-27.0-0.4\",\"correct\":false},{\"rt\":383.19500000216067,\"stimulus\":\"Réponse :\",\"key_press\":\"7\",\"test_part\":\"trial_9_6\",\"correct_response\":9,\"trial_type\":\"html-keyboard-response\",\"trial_index\":112,\"time_elapsed\":77928,\"internal_node_id\":\"0.0-27.0-0.5\",\"correct\":false},{\"rt\":225.54500005207956,\"stimulus\":\"Réponse :\",\"key_press\":\"8\",\"test_part\":\"trial_9_7\",\"correct_response\":7,\"trial_type\":\"html-keyboard-response\",\"trial_index\":113,\"time_elapsed\":78154,\"internal_node_id\":\"0.0-27.0-0.6\",\"correct\":false},{\"rt\":1257.4150000000373,\"stimulus\":\"Réponse :\",\"key_press\":\"6\",\"test_part\":\"trial_10_1\",\"correct_response\":3,\"trial_type\":\"html-keyboard-response\",\"trial_index\":123,\"time_elapsed\":88928,\"internal_node_id\":\"0.0-30.0-0.0\",\"correct\":false},{\"rt\":0.12500002048909664,\"stimulus\":\"Réponse :\",\"key_press\":\"7\",\"test_part\":\"trial_10_2\",\"correct_response\":8,\"trial_type\":\"html-keyboard-response\",\"trial_index\":124,\"time_elapsed\":88928,\"internal_node_id\":\"0.0-30.0-0.1\",\"correct\":false},{\"rt\":132.01499998103827,\"stimulus\":\"Réponse :\",\"key_press\":\"5\",\"test_part\":\"trial_10_3\",\"correct_response\":9,\"trial_type\":\"html-keyboard-response\",\"trial_index\":125,\"time_elapsed\":89060,\"internal_node_id\":\"0.0-30.0-0.2\",\"correct\":false},{\"rt\":157.44500001892447,\"stimulus\":\"Réponse :\",\"key_press\":\"7\",\"test_part\":\"trial_10_4\",\"correct_response\":1,\"trial_type\":\"html-keyboard-response\",\"trial_index\":126,\"time_elapsed\":89218,\"internal_node_id\":\"0.0-30.0-0.3\",\"correct\":false},{\"rt\":5.775000085122883,\"stimulus\":\"Réponse :\",\"key_press\":\"8\",\"test_part\":\"trial_10_5\",\"correct_response\":2,\"trial_type\":\"html-keyboard-response\",\"trial_index\":127,\"time_elapsed\":89224,\"internal_node_id\":\"0.0-30.0-0.4\",\"correct\":false},{\"rt\":0.11999998241662979,\"stimulus\":\"Réponse :\",\"key_press\":\"9\",\"test_part\":\"trial_10_6\",\"correct_response\":7,\"trial_type\":\"html-keyboard-response\",\"trial_index\":128,\"time_elapsed\":89225,\"internal_node_id\":\"0.0-30.0-0.5\",\"correct\":false},{\"rt\":11.0199999762699,\"stimulus\":\"Réponse :\",\"key_press\":\"6\",\"test_part\":\"trial_10_7\",\"correct_response\":5,\"trial_type\":\"html-keyboard-response\",\"trial_index\":129,\"time_elapsed\":89236,\"internal_node_id\":\"0.0-30.0-0.6\",\"correct\":false},{\"rt\":111.53499991632998,\"stimulus\":\"Réponse :\",\"key_press\":\"5\",\"test_part\":\"trial_10_8\",\"correct_response\":6,\"trial_type\":\"html-keyboard-response\",\"trial_index\":130,\"time_elapsed\":89348,\"internal_node_id\":\"0.0-30.0-0.7\",\"correct\":false},{\"rt\":869.2499999888241,\"stimulus\":\"Réponse :\",\"key_press\":\"7\",\"test_part\":\"trial_11_1\",\"correct_response\":6,\"trial_type\":\"html-keyboard-response\",\"trial_index\":140,\"time_elapsed\":99731,\"internal_node_id\":\"0.0-33.0-0.0\",\"correct\":false},{\"rt\":35.834999987855554,\"stimulus\":\"Réponse :\",\"key_press\":\"6\",\"test_part\":\"trial_11_2\",\"correct_response\":4,\"trial_type\":\"html-keyboard-response\",\"trial_index\":141,\"time_elapsed\":99768,\"internal_node_id\":\"0.0-33.0-0.1\",\"correct\":false},{\"rt\":93.63999997731298,\"stimulus\":\"Réponse :\",\"key_press\":\"5\",\"test_part\":\"trial_11_3\",\"correct_response\":1,\"trial_type\":\"html-keyboard-response\",\"trial_index\":142,\"time_elapsed\":99862,\"internal_node_id\":\"0.0-33.0-0.2\",\"correct\":false},{\"rt\":93.45499996561557,\"stimulus\":\"Réponse :\",\"key_press\":\"4\",\"test_part\":\"trial_11_4\",\"correct_response\":8,\"trial_type\":\"html-keyboard-response\",\"trial_index\":143,\"time_elapsed\":99956,\"internal_node_id\":\"0.0-33.0-0.3\",\"correct\":false},{\"rt\":3.585000056773424,\"stimulus\":\"Réponse :\",\"key_press\":\"3\",\"test_part\":\"trial_11_5\",\"correct_response\":7,\"trial_type\":\"html-keyboard-response\",\"trial_index\":144,\"time_elapsed\":99960,\"internal_node_id\":\"0.0-33.0-0.4\",\"correct\":false},{\"rt\":153.74999993946403,\"stimulus\":\"Réponse :\",\"key_press\":\"7\",\"test_part\":\"trial_11_6\",\"correct_response\":2,\"trial_type\":\"html-keyboard-response\",\"trial_index\":145,\"time_elapsed\":100114,\"internal_node_id\":\"0.0-33.0-0.5\",\"correct\":false},{\"rt\":191.5100000333041,\"stimulus\":\"Réponse :\",\"key_press\":\"6\",\"test_part\":\"trial_11_7\",\"correct_response\":3,\"trial_type\":\"html-keyboard-response\",\"trial_index\":146,\"time_elapsed\":100306,\"internal_node_id\":\"0.0-33.0-0.6\",\"correct\":false},{\"rt\":3.5099999513477087,\"stimulus\":\"Réponse :\",\"key_press\":\"5\",\"test_part\":\"trial_11_8\",\"correct_response\":9,\"trial_type\":\"html-keyboard-response\",\"trial_index\":147,\"time_elapsed\":100310,\"internal_node_id\":\"0.0-33.0-0.7\",\"correct\":false},{\"rt\":936.2950000213459,\"stimulus\":\"Réponse :\",\"key_press\":\"6\",\"test_part\":\"trial_12_1\",\"correct_response\":7,\"trial_type\":\"html-keyboard-response\",\"trial_index\":158,\"time_elapsed\":111765,\"internal_node_id\":\"0.0-36.0-0.0\",\"correct\":false},{\"rt\":108.33499999716878,\"stimulus\":\"Réponse :\",\"key_press\":\"7\",\"test_part\":\"trial_12_2\",\"correct_response\":9,\"trial_type\":\"html-keyboard-response\",\"trial_index\":159,\"time_elapsed\":111873,\"internal_node_id\":\"0.0-36.0-0.1\",\"correct\":false},{\"rt\":43.55499998200685,\"stimulus\":\"Réponse :\",\"key_press\":\"8\",\"test_part\":\"trial_12_3\",\"correct_response\":6,\"trial_type\":\"html-keyboard-response\",\"trial_index\":160,\"time_elapsed\":111917,\"internal_node_id\":\"0.0-36.0-0.2\",\"correct\":false},{\"rt\":19.515000050887465,\"stimulus\":\"Réponse :\",\"key_press\":\"9\",\"test_part\":\"trial_12_4\",\"correct_response\":2,\"trial_type\":\"html-keyboard-response\",\"trial_index\":161,\"time_elapsed\":111937,\"internal_node_id\":\"0.0-36.0-0.3\",\"correct\":false},{\"rt\":207.7900000149384,\"stimulus\":\"Réponse :\",\"key_press\":\"7\",\"test_part\":\"trial_12_5\",\"correct_response\":8,\"trial_type\":\"html-keyboard-response\",\"trial_index\":162,\"time_elapsed\":112146,\"internal_node_id\":\"0.0-36.0-0.4\",\"correct\":false},{\"rt\":133.46000004094094,\"stimulus\":\"Réponse :\",\"key_press\":\"5\",\"test_part\":\"trial_12_6\",\"correct_response\":3,\"trial_type\":\"html-keyboard-response\",\"trial_index\":163,\"time_elapsed\":112279,\"internal_node_id\":\"0.0-36.0-0.5\",\"correct\":false},{\"rt\":335.56499995756894,\"stimulus\":\"Réponse :\",\"key_press\":\"4\",\"test_part\":\"trial_12_7\",\"correct_response\":5,\"trial_type\":\"html-keyboard-response\",\"trial_index\":164,\"time_elapsed\":112615,\"internal_node_id\":\"0.0-36.0-0.6\",\"correct\":false},{\"rt\":1.500000013038516,\"stimulus\":\"Réponse :\",\"key_press\":\"6\",\"test_part\":\"trial_12_8\",\"correct_response\":4,\"trial_type\":\"html-keyboard-response\",\"trial_index\":165,\"time_elapsed\":112617,\"internal_node_id\":\"0.0-36.0-0.7\",\"correct\":false},{\"rt\":191.8049999512732,\"stimulus\":\"Réponse :\",\"key_press\":\"7\",\"test_part\":\"trial_12_9\",\"correct_response\":1,\"trial_type\":\"html-keyboard-response\",\"trial_index\":166,\"time_elapsed\":112810,\"internal_node_id\":\"0.0-36.0-0.8\",\"correct\":false},{\"rt\":384.06499999109656,\"stimulus\":\"Réponse :\",\"key_press\":\"4\",\"test_part\":\"trial_13_1\",\"correct_response\":6,\"trial_type\":\"html-keyboard-response\",\"trial_index\":177,\"time_elapsed\":123706,\"internal_node_id\":\"0.0-39.0-0.0\",\"correct\":false},{\"rt\":118.29499993473291,\"stimulus\":\"Réponse :\",\"key_press\":\"5\",\"test_part\":\"trial_13_2\",\"correct_response\":7,\"trial_type\":\"html-keyboard-response\",\"trial_index\":178,\"time_elapsed\":123825,\"internal_node_id\":\"0.0-39.0-0.1\",\"correct\":false},{\"rt\":43.59500005375594,\"stimulus\":\"Réponse :\",\"key_press\":\"7\",\"test_part\":\"trial_13_3\",\"correct_response\":2,\"trial_type\":\"html-keyboard-response\",\"trial_index\":179,\"time_elapsed\":123869,\"internal_node_id\":\"0.0-39.0-0.2\",\"correct\":false},{\"rt\":355.44499999377877,\"stimulus\":\"Réponse :\",\"key_press\":\"4\",\"test_part\":\"trial_13_4\",\"correct_response\":1,\"trial_type\":\"html-keyboard-response\",\"trial_index\":180,\"time_elapsed\":124225,\"internal_node_id\":\"0.0-39.0-0.3\",\"correct\":false},{\"rt\":59.72500005736947,\"stimulus\":\"Réponse :\",\"key_press\":\"7\",\"test_part\":\"trial_13_5\",\"correct_response\":4,\"trial_type\":\"html-keyboard-response\",\"trial_index\":181,\"time_elapsed\":124285,\"internal_node_id\":\"0.0-39.0-0.4\",\"correct\":false},{\"rt\":121.48999993223697,\"stimulus\":\"Réponse :\",\"key_press\":\"9\",\"test_part\":\"trial_13_6\",\"correct_response\":3,\"trial_type\":\"html-keyboard-response\",\"trial_index\":182,\"time_elapsed\":124407,\"internal_node_id\":\"0.0-39.0-0.5\",\"correct\":false},{\"rt\":397.6000000257045,\"stimulus\":\"Réponse :\",\"key_press\":\"7\",\"test_part\":\"trial_13_7\",\"correct_response\":5,\"trial_type\":\"html-keyboard-response\",\"trial_index\":183,\"time_elapsed\":124805,\"internal_node_id\":\"0.0-39.0-0.6\",\"correct\":false},{\"rt\":141.60999993328005,\"stimulus\":\"Réponse :\",\"key_press\":\"6\",\"test_part\":\"trial_13_8\",\"correct_response\":9,\"trial_type\":\"html-keyboard-response\",\"trial_index\":184,\"time_elapsed\":124947,\"internal_node_id\":\"0.0-39.0-0.7\",\"correct\":false},{\"rt\":72.90999998804182,\"stimulus\":\"Réponse :\",\"key_press\":\"4\",\"test_part\":\"trial_13_9\",\"correct_response\":8,\"trial_type\":\"html-keyboard-response\",\"trial_index\":185,\"time_elapsed\":125021,\"internal_node_id\":\"0.0-39.0-0.8\",\"correct\":false},{\"rt\":734.6050000051036,\"stimulus\":\"Réponse :\",\"key_press\":\"8\",\"test_part\":\"trial_14_1\",\"correct_response\":4,\"trial_type\":\"html-keyboard-response\",\"trial_index\":195,\"time_elapsed\":135269,\"internal_node_id\":\"0.0-42.0-0.0\",\"correct\":false},{\"rt\":6.519999937154353,\"stimulus\":\"Réponse :\",\"key_press\":\"4\",\"test_part\":\"trial_14_2\",\"correct_response\":5,\"trial_type\":\"html-keyboard-response\",\"trial_index\":196,\"time_elapsed\":135276,\"internal_node_id\":\"0.0-42.0-0.1\",\"correct\":false},{\"rt\":0.12500002048909664,\"stimulus\":\"Réponse :\",\"key_press\":\"9\",\"test_part\":\"trial_14_3\",\"correct_response\":1,\"trial_type\":\"html-keyboard-response\",\"trial_index\":197,\"time_elapsed\":135276,\"internal_node_id\":\"0.0-42.0-0.2\",\"correct\":false},{\"rt\":21.08500001486391,\"stimulus\":\"Réponse :\",\"key_press\":\"3\",\"test_part\":\"trial_14_4\",\"correct_response\":8,\"trial_type\":\"html-keyboard-response\",\"trial_index\":198,\"time_elapsed\":135298,\"internal_node_id\":\"0.0-42.0-0.3\",\"correct\":false},{\"rt\":95.57999996468425,\"stimulus\":\"Réponse :\",\"key_press\":\"6\",\"test_part\":\"trial_14_5\",\"correct_response\":7,\"trial_type\":\"html-keyboard-response\",\"trial_index\":199,\"time_elapsed\":135394,\"internal_node_id\":\"0.0-42.0-0.4\",\"correct\":false},{\"rt\":65.61000004876405,\"stimulus\":\"Réponse :\",\"key_press\":\"2\",\"test_part\":\"trial_14_6\",\"correct_response\":2,\"trial_type\":\"html-keyboard-response\",\"trial_index\":200,\"time_elapsed\":135460,\"internal_node_id\":\"0.0-42.0-0.5\",\"correct\":false},{\"rt\":12.529999949038029,\"stimulus\":\"Réponse :\",\"key_press\":\"7\",\"test_part\":\"trial_14_7\",\"correct_response\":3,\"trial_type\":\"html-keyboard-response\",\"trial_index\":201,\"time_elapsed\":135473,\"internal_node_id\":\"0.0-42.0-0.6\",\"correct\":false},{\"rt\":170.39999994449317,\"stimulus\":\"Réponse :\",\"key_press\":\"8\",\"test_part\":\"trial_14_8\",\"correct_response\":6,\"trial_type\":\"html-keyboard-response\",\"trial_index\":202,\"time_elapsed\":135643,\"internal_node_id\":\"0.0-42.0-0.7\",\"correct\":false}]', '2020-04-12 12:11:35');

-- --------------------------------------------------------

--
-- Structure de la table `digit`
--

DROP TABLE IF EXISTS `digit`;
CREATE TABLE IF NOT EXISTS `digit` (
  `id_sujet` int(11) NOT NULL,
  `test_part` varchar(300) COLLATE utf8_unicode_ci NOT NULL,
  `correct` varchar(300) COLLATE utf8_unicode_ci NOT NULL,
  `key_press` varchar(300) COLLATE utf8_unicode_ci NOT NULL,
  `correct_response` varchar(300) COLLATE utf8_unicode_ci NOT NULL,
  `rt` float NOT NULL,
  `time_elapsed` int(11) NOT NULL,
  KEY `id_sujet` (`id_sujet`)
) ENGINE=InnoDB DEFAULT CHARSET=utf8 COLLATE=utf8_unicode_ci;

--
-- Déchargement des données de la table `digit`
--

INSERT INTO `digit` (`id_sujet`, `test_part`, `correct`, `key_press`, `correct_response`, `rt`, `time_elapsed`) VALUES
(1, 'trial_1_1', '', '4', '4', 449.75, 5367),
(1, 'trial_1_2', '', '3', '3', 136.395, 5504),
(1, 'trial_1_3', '', '2', '5', 139.355, 5644),
(1, 'trial_2_1', '', '2', '5', 501.885, 11652),
(1, 'trial_2_2', '', '3', '7', 109.285, 11762),
(1, 'trial_2_3', '', '4', '1', 105.485, 11868),
(1, 'trial_2_4', '', '3', '6', 393.56, 12262),
(1, 'trial_3_1', '', '4', '7', 334.295, 19106),
(1, 'trial_3_2', '', '3', '6', 145.54, 19252),
(1, 'trial_3_3', '', '2', '5', 75.5, 19328),
(1, 'trial_3_4', '', '1', '1', 174.57, 19503),
(1, 'trial_3_5', '', '2', '9', 212.63, 19716),
(1, 'trial_4_1', '', '1', '9', 410.32, 27636),
(1, 'trial_4_2', '', '2', '3', 184.45, 27821),
(1, 'trial_4_3', '', '3', '5', 27.48, 27849),
(1, 'trial_4_4', '', '4', '8', 177.34, 28027),
(1, 'trial_4_5', '', '4', '7', 2133.73, 30161),
(1, 'trial_4_6', '', '3', '4', 154.44, 30316),
(1, 'trial_5_1', '', '7', '4', 399.965, 39230),
(1, 'trial_5_2', '', '6', '6', 120.27, 39350),
(1, 'trial_5_3', '', '5', '5', 97.48, 39448),
(1, 'trial_5_4', '', '4', '8', 110.505, 39559),
(1, 'trial_5_5', '', '7', '2', 226.76, 39786),
(1, 'trial_5_6', '', '5', '1', 53.345, 39840),
(1, 'trial_5_7', '', '6', '3', 9.475, 39850),
(1, 'trial_6_1', '', '7', '5', 308.415, 48672),
(1, 'trial_6_2', '', '6', '8', 148.57, 48821),
(1, 'trial_6_3', '', '5', '2', 44.555, 48866),
(1, 'trial_6_4', '', '4', '3', 99.76, 48966),
(1, 'trial_6_5', '', '7', '7', 173.485, 49140),
(1, 'trial_6_6', '', '5', '1', 335.33, 49477),
(1, 'trial_6_7', '', '6', '9', 12.335, 49490),
(1, 'trial_7_1', '', '6', '1', 467.735, 57469),
(1, 'trial_7_2', '', '8', '4', 169.545, 57639),
(1, 'trial_7_3', '', '5', '9', 91.535, 57731),
(1, 'trial_7_4', '', '4', '7', 93.585, 57825),
(1, 'trial_7_5', '', '6', '6', 175.49, 58001),
(1, 'trial_7_6', '', '8', '8', 25.5, 58027),
(1, 'trial_8_1', '', '8', '3', 482.185, 67019),
(1, 'trial_8_2', '', '6', '8', 96.36, 67116),
(1, 'trial_8_3', '', '5', '9', 71.5, 67188),
(1, 'trial_8_4', '', '4', '1', 65.47, 67254),
(1, 'trial_8_5', '', '8', '2', 143.485, 67398),
(1, 'trial_8_6', '', '6', '4', 145.95, 67544),
(1, 'trial_8_7', '', '5', '5', 11.365, 67556),
(1, 'trial_9_1', '', '6', '8', 1031.03, 77099),
(1, 'trial_9_2', '', '7', '4', 92.48, 77192),
(1, 'trial_9_3', '', '8', '1', 91.305, 77283),
(1, 'trial_9_4', '', '9', '6', 61.74, 77346),
(1, 'trial_9_5', '', '6', '2', 197.465, 77544),
(1, 'trial_9_6', '', '7', '9', 383.195, 77928),
(1, 'trial_9_7', '', '8', '7', 225.545, 78154),
(1, 'trial_10_1', '', '6', '3', 1257.42, 88928),
(1, 'trial_10_2', '', '7', '8', 0.125, 88928),
(1, 'trial_10_3', '', '5', '9', 132.015, 89060),
(1, 'trial_10_4', '', '7', '1', 157.445, 89218),
(1, 'trial_10_5', '', '8', '2', 5.775, 89224),
(1, 'trial_10_6', '', '9', '7', 0.12, 89225),
(1, 'trial_10_7', '', '6', '5', 11.02, 89236),
(1, 'trial_10_8', '', '5', '6', 111.535, 89348),
(1, 'trial_11_1', '', '7', '6', 869.25, 99731),
(1, 'trial_11_2', '', '6', '4', 35.835, 99768),
(1, 'trial_11_3', '', '5', '1', 93.64, 99862),
(1, 'trial_11_4', '', '4', '8', 93.455, 99956),
(1, 'trial_11_5', '', '3', '7', 3.585, 99960),
(1, 'trial_11_6', '', '7', '2', 153.75, 100114),
(1, 'trial_11_7', '', '6', '3', 191.51, 100306),
(1, 'trial_11_8', '', '5', '9', 3.51, 100310),
(1, 'trial_12_1', '', '6', '7', 936.295, 111765),
(1, 'trial_12_2', '', '7', '9', 108.335, 111873),
(1, 'trial_12_3', '', '8', '6', 43.555, 111917),
(1, 'trial_12_4', '', '9', '2', 19.515, 111937),
(1, 'trial_12_5', '', '7', '8', 207.79, 112146),
(1, 'trial_12_6', '', '5', '3', 133.46, 112279),
(1, 'trial_12_7', '', '4', '5', 335.565, 112615),
(1, 'trial_12_8', '', '6', '4', 1.5, 112617),
(1, 'trial_12_9', '', '7', '1', 191.805, 112810),
(1, 'trial_13_1', '', '4', '6', 384.065, 123706),
(1, 'trial_13_2', '', '5', '7', 118.295, 123825),
(1, 'trial_13_3', '', '7', '2', 43.595, 123869),
(1, 'trial_13_4', '', '4', '1', 355.445, 124225),
(1, 'trial_13_5', '', '7', '4', 59.725, 124285),
(1, 'trial_13_6', '', '9', '3', 121.49, 124407),
(1, 'trial_13_7', '', '7', '5', 397.6, 124805),
(1, 'trial_13_8', '', '6', '9', 141.61, 124947),
(1, 'trial_13_9', '', '4', '8', 72.91, 125021),
(1, 'trial_14_1', '', '8', '4', 734.605, 135269),
(1, 'trial_14_2', '', '4', '5', 6.52, 135276),
(1, 'trial_14_3', '', '9', '1', 0.125, 135276),
(1, 'trial_14_4', '', '3', '8', 21.085, 135298),
(1, 'trial_14_5', '', '6', '7', 95.58, 135394),
(1, 'trial_14_6', '', '2', '2', 65.61, 135460),
(1, 'trial_14_7', '', '7', '3', 12.53, 135473),
(1, 'trial_14_8', '', '8', '6', 170.4, 135643),
(3, 'trial_1_1', '', '4', '4', 449.75, 5367),
(3, 'trial_1_2', '', '3', '3', 136.395, 5504),
(3, 'trial_1_3', '', '2', '5', 139.355, 5644),
(3, 'trial_2_1', '', '2', '5', 501.885, 11652),
(3, 'trial_2_2', '', '3', '7', 109.285, 11762),
(3, 'trial_2_3', '', '4', '1', 105.485, 11868),
(3, 'trial_2_4', '', '3', '6', 393.56, 12262),
(3, 'trial_3_1', '', '4', '7', 334.295, 19106),
(3, 'trial_3_2', '', '3', '6', 145.54, 19252),
(3, 'trial_3_3', '', '2', '5', 75.5, 19328),
(3, 'trial_3_4', '', '1', '1', 174.57, 19503),
(3, 'trial_3_5', '', '2', '9', 212.63, 19716),
(3, 'trial_4_1', '', '1', '9', 410.32, 27636),
(3, 'trial_4_2', '', '2', '3', 184.45, 27821),
(3, 'trial_4_3', '', '3', '5', 27.48, 27849),
(3, 'trial_4_4', '', '4', '8', 177.34, 28027),
(3, 'trial_4_5', '', '4', '7', 2133.73, 30161),
(3, 'trial_4_6', '', '3', '4', 154.44, 30316),
(3, 'trial_5_1', '', '7', '4', 399.965, 39230),
(3, 'trial_5_2', '', '6', '6', 120.27, 39350),
(3, 'trial_5_3', '', '5', '5', 97.48, 39448),
(3, 'trial_5_4', '', '4', '8', 110.505, 39559),
(3, 'trial_5_5', '', '7', '2', 226.76, 39786),
(3, 'trial_5_6', '', '5', '1', 53.345, 39840),
(3, 'trial_5_7', '', '6', '3', 9.475, 39850),
(3, 'trial_6_1', '', '7', '5', 308.415, 48672),
(3, 'trial_6_2', '', '6', '8', 148.57, 48821),
(3, 'trial_6_3', '', '5', '2', 44.555, 48866),
(3, 'trial_6_4', '', '4', '3', 99.76, 48966),
(3, 'trial_6_5', '', '7', '7', 173.485, 49140),
(3, 'trial_6_6', '', '5', '1', 335.33, 49477),
(3, 'trial_6_7', '', '6', '9', 12.335, 49490),
(3, 'trial_7_1', '', '6', '1', 467.735, 57469),
(3, 'trial_7_2', '', '8', '4', 169.545, 57639),
(3, 'trial_7_3', '', '5', '9', 91.535, 57731),
(3, 'trial_7_4', '', '4', '7', 93.585, 57825),
(3, 'trial_7_5', '', '6', '6', 175.49, 58001),
(3, 'trial_7_6', '', '8', '8', 25.5, 58027),
(3, 'trial_8_1', '', '8', '3', 482.185, 67019),
(3, 'trial_8_2', '', '6', '8', 96.36, 67116),
(3, 'trial_8_3', '', '5', '9', 71.5, 67188),
(3, 'trial_8_4', '', '4', '1', 65.47, 67254),
(3, 'trial_8_5', '', '8', '2', 143.485, 67398),
(3, 'trial_8_6', '', '6', '4', 145.95, 67544),
(3, 'trial_8_7', '', '5', '5', 11.365, 67556),
(3, 'trial_9_1', '', '6', '8', 1031.03, 77099),
(3, 'trial_9_2', '', '7', '4', 92.48, 77192),
(3, 'trial_9_3', '', '8', '1', 91.305, 77283),
(3, 'trial_9_4', '', '9', '6', 61.74, 77346),
(3, 'trial_9_5', '', '6', '2', 197.465, 77544),
(3, 'trial_9_6', '', '7', '9', 383.195, 77928),
(3, 'trial_9_7', '', '8', '7', 225.545, 78154),
(3, 'trial_10_1', '', '6', '3', 1257.42, 88928),
(3, 'trial_10_2', '', '7', '8', 0.125, 88928),
(3, 'trial_10_3', '', '5', '9', 132.015, 89060),
(3, 'trial_10_4', '', '7', '1', 157.445, 89218),
(3, 'trial_10_5', '', '8', '2', 5.775, 89224),
(3, 'trial_10_6', '', '9', '7', 0.12, 89225),
(3, 'trial_10_7', '', '6', '5', 11.02, 89236),
(3, 'trial_10_8', '', '5', '6', 111.535, 89348),
(3, 'trial_11_1', '', '7', '6', 869.25, 99731),
(3, 'trial_11_2', '', '6', '4', 35.835, 99768),
(3, 'trial_11_3', '', '5', '1', 93.64, 99862),
(3, 'trial_11_4', '', '4', '8', 93.455, 99956),
(3, 'trial_11_5', '', '3', '7', 3.585, 99960),
(3, 'trial_11_6', '', '7', '2', 153.75, 100114),
(3, 'trial_11_7', '', '6', '3', 191.51, 100306),
(3, 'trial_11_8', '', '5', '9', 3.51, 100310),
(3, 'trial_12_1', '', '6', '7', 936.295, 111765),
(3, 'trial_12_2', '', '7', '9', 108.335, 111873),
(3, 'trial_12_3', '', '8', '6', 43.555, 111917),
(3, 'trial_12_4', '', '9', '2', 19.515, 111937),
(3, 'trial_12_5', '', '7', '8', 207.79, 112146),
(3, 'trial_12_6', '', '5', '3', 133.46, 112279),
(3, 'trial_12_7', '', '4', '5', 335.565, 112615),
(3, 'trial_12_8', '', '6', '4', 1.5, 112617),
(3, 'trial_12_9', '', '7', '1', 191.805, 112810),
(3, 'trial_13_1', '', '4', '6', 384.065, 123706),
(3, 'trial_13_2', '', '5', '7', 118.295, 123825),
(3, 'trial_13_3', '', '7', '2', 43.595, 123869),
(3, 'trial_13_4', '', '4', '1', 355.445, 124225),
(3, 'trial_13_5', '', '7', '4', 59.725, 124285),
(3, 'trial_13_6', '', '9', '3', 121.49, 124407),
(3, 'trial_13_7', '', '7', '5', 397.6, 124805),
(3, 'trial_13_8', '', '6', '9', 141.61, 124947),
(3, 'trial_13_9', '', '4', '8', 72.91, 125021),
(3, 'trial_14_1', '', '8', '4', 734.605, 135269),
(3, 'trial_14_2', '', '4', '5', 6.52, 135276),
(3, 'trial_14_3', '', '9', '1', 0.125, 135276),
(3, 'trial_14_4', '', '3', '8', 21.085, 135298),
(3, 'trial_14_5', '', '6', '7', 95.58, 135394),
(3, 'trial_14_6', '', '2', '2', 65.61, 135460),
(3, 'trial_14_7', '', '7', '3', 12.53, 135473),
(3, 'trial_14_8', '', '8', '6', 170.4, 135643);

-- --------------------------------------------------------

--
-- Structure de la table `sujets`
--

DROP TABLE IF EXISTS `sujets`;
CREATE TABLE IF NOT EXISTS `sujets` (
  `id_sujet` int(11) NOT NULL AUTO_INCREMENT,
  `code_sujet` varchar(300) COLLATE utf8_unicode_ci DEFAULT NULL,
  PRIMARY KEY (`id_sujet`)
) ENGINE=InnoDB AUTO_INCREMENT=5 DEFAULT CHARSET=utf8 COLLATE=utf8_unicode_ci;

--
-- Déchargement des données de la table `sujets`
--

INSERT INTO `sujets` (`id_sujet`, `code_sujet`) VALUES
(1, 'test'),
(2, 'test'),
(3, 'test'),
(4, 'test');

--
-- Contraintes pour les tables déchargées
--

--
-- Contraintes pour la table `digit`
--
ALTER TABLE `digit`
  ADD CONSTRAINT `digit_ibfk_1` FOREIGN KEY (`id_sujet`) REFERENCES `sujets` (`id_sujet`) ON DELETE NO ACTION ON UPDATE NO ACTION;
COMMIT;

/*!40101 SET CHARACTER_SET_CLIENT=@OLD_CHARACTER_SET_CLIENT */;
/*!40101 SET CHARACTER_SET_RESULTS=@OLD_CHARACTER_SET_RESULTS */;
/*!40101 SET COLLATION_CONNECTION=@OLD_COLLATION_CONNECTION */;
